{
"std_dev_x" : [74.00152718365908, 19.624438649289182]
} 
{
"std_dev_y" : [58.24639046736343, 30.805886844238493]
} 
{
"std_dev_angle" : [1.8512396722819926, 0.24659700495486578]
} 
