{
"std_dev_x" : [74.00152718365908, 109.03894809777496, 110.23523033791442]
} 
{
"std_dev_y" : [58.24639046736343, 47.207930040373526, 53.32720903249022]
} 
{
"std_dev_angle" : [1.8512396722819926, 0.27329741866344914, 1.4413029359617724]
} 
