{
"std_dev_x" : [74.00152718365908]
} 
{
"std_dev_y" : [58.24639046736343]
} 
{
"std_dev_angle" : [1.8512396722819926]
} 
