{
"std_dev_x" : [74.00152718365908, 127.9271782128593, 135.19757048397636]
} 
{
"std_dev_y" : [58.24639046736343, 45.490755352196366, 37.88764359853913]
} 
{
"std_dev_angle" : [1.8512396722819926, 2.0503336191429087, 3.544450244611179]
} 
