{
"std_dev_x" : [75.35507245168645, 92.95383500692901, 93.02365452422347, 19.573289256321793, 24.825405220427083, 27.596494003236888, 17.424242627553514, 21.747288194762067, 13.510656851767338, 10.482838729741138, 11.36490359955754, 6.85725706794246, 6.394378369431469, 5.574209989206389]
} 
{
"std_dev_y" : [57.277256367289745, 49.98132086855739, 49.49066176037231, 23.859804096144195, 22.744207488211156, 20.546503061429384, 11.067427638402402, 6.842368615289467, 7.263631253099454, 9.025311279297021, 8.50540848226806, 6.952234606907223, 7.176925857328224, 4.576925222301753]
} 
{
"std_dev_angle" : [1.8148674272608154, 1.5011087157852165, 2.442055738271295, 4.931676037335936, 0.4174242744831859, 0.3480183849689833, 0.23643480087904095, 0.25372740107301606, 0.27705400704133404, 3.8493504510293977, 0.15764202771727517, 3.710049442238579, 3.684394635711627, 0.12029296594148124]
} 
