{
"std_dev_x" : [74.00152718365908, 28.29281630480505, 25.11244293255824, 8.582379456559497, 30.878613118539207, 33.532937429136176, 22.16737507338291, 24.69177756848263, 20.367269695901648, 20.42589554096904, 22.073125787827816, 18.543684653933727, 18.29169376846621, 6.324059535853053]
} 
{
"std_dev_y" : [58.24639046736343, 13.472757799151092, 10.498803269045734, 18.101265586671968, 11.14120518161166, 8.30051756201003, 12.828997232002983, 8.21332951228988, 5.533943131876733, 9.277811318819497, 15.38657796360735, 14.234525003991969, 14.112059989912582, 4.385241121016359]
} 
{
"std_dev_angle" : [1.8512396722819926, 0.41610087194055917, 0.41817701620354414, 4.478771295074731, 0.27624466747144305, 0.27529129027579746, 0.29264630266216285, 0.1937398316961544, 0.1696767081175911, 4.842207548335532, 0.18086766971172058, 4.545297375522813, 4.463502626869768, 0.22308063917610374]
} 
