{
"std_dev_x" : [74.1773158918798, 50.655574692455744, 16.67615831588733, 4.909868896271813, 18.544447358556692]
} 
{
"std_dev_y" : [58.60067040330772, 45.84767777402156, 61.95572434389923, 59.532763633960435, 52.29969221459463]
} 
{
"std_dev_angle" : [1.7958264067674627, 1.9844968722234997, 0.9501097541581176, 0.19282843118306733, 2.6104043348815416]
} 
