{
"std_dev_x" : [74.14904713585331, 66.19425769853869, 30.345817827958506, 29.615036807457273, 12.721188001829466, 12.089910332816315]
} 
{
"std_dev_y" : [57.78659168738527, 36.363778290058505, 26.85197835723088, 16.647703533871677, 19.0646825709125, 6.936977323901178]
} 
{
"std_dev_angle" : [1.750826110738532, 1.9478219677625002, 4.735657233465924, 0.1507320585661127, 4.374922717075456, 0.10618308226192855]
} 
